{
  "feature_means": [
    0.29923784795711666,
    4.966076628070855,
    2.975330864037115,
    3.903239899128363,
    1.9404416252315115,
    7.733521600013006,
    0.5200434316432452,
    0.3994419125855685,
    3.137421448832325,
    0.796967471062318,
    2.500413095221787,
    0.6104133304914918,
    3.9933208329545544,
    0.4980816630475534,
    0.39546823643649814,
    2.932971687630646,
    3.0071724281717374,
    0.5998473989065607,
    0.1992609810253868,
    0.4965556501439832,
    0.6041163800978371,
    0.30544021365557167,
    0.40204741186595183,
    0.3001291363763534
  ],
  "feature_stds": [
    0.09934117142108756,
    1.933269864937149,
    1.4572028434366988,
    2.0864480367942475,
    1.0795411184220636,
    3.519425024069954,
    0.2852969592776662,
    0.19208238518169432,
    1.0285834143541146,
    0.30302700214284883,
    0.4950321891696967,
    0.2823659965701641,
    3.0786823985732172,
    0.2010633961893228,
    0.15011240293349115,
    1.5270414401645953,
    0.7944494962747072,
    0.1542129006124009,
    0.09524257700090487,
    0.20064210762558893,
    0.19846568278882096,
    0.14827059805573747,
    0.09964151557676329,
    0.14906781990181833
  ],
  "feature_mins": [
    0.0,
    0.0,
    0.0,
    0.0,
    0.0,
    0.31134103114537304,
    0.0,
    0.0,
    0.0,
    0.0,
    0.5474906923798113,
    0.0,
    0.0016357994886304532,
    0.0,
    0.0,
    0.0,
    0.33712121375121695,
    0.010408548003113527,
    0.0,
    0.0,
    0.0,
    0.0,
    0.06943628787672956,
    0.0
  ],
  "feature_maxs": [
    0.6252561960161522,
    12.063891304185212,
    7.586174840909742,
    13.76488449510718,
    6.564052207286221,
    23.000442890313835,
    1.4301093859414258,
    1.1143776407974468,
    6.492533518346156,
    1.8689507777613024,
    4.390749312509419,
    0.9998364200511369,
    18.083368125667086,
    1.2121862810317534,
    0.9411807757370115,
    9.177071533797344,
    5.924358740581871,
    1.0914607881404865,
    0.5166164390632699,
    1.1928381370515488,
    1.2995427628867056,
    0.7600675064347651,
    0.764524472034998,
    0.7896230650145166
  ],
  "n_samples": 2400,
  "threshold_low": [
    0.10055550511494155,
    1.0995368981965572,
    0.06092517716371759,
    -0.269656174460132,
    -0.2186406116126156,
    0.6946715518730979,
    -0.05055048691208719,
    0.015277142222179851,
    1.0802546201240957,
    0.19091346677662036,
    1.5103487168823935,
    0.04568133735116364,
    -2.16404396419188,
    0.09595487066890779,
    0.09524343056951584,
    -0.12111119269854465,
    1.418273435622323,
    0.2914215976817589,
    0.00877582702357707,
    0.09527143489280532,
    0.20718501452019517,
    0.008899017544096721,
    0.20276438071242525,
    0.0019934965727167464
  ],
  "threshold_high": [
    0.4979201907992918,
    8.832616357945152,
    5.889736550910513,
    8.076135972716859,
    4.099523862075639,
    14.772371648152914,
    1.0906373501985775,
    0.7836066829489572,
    5.194588277540554,
    1.4030214753480157,
    3.4904774735611803,
    1.1751453236318201,
    10.15068563010099,
    0.9002084554261991,
    0.6956930423034804,
    5.987054567959836,
    4.5960714207211515,
    0.9082732001313625,
    0.38974613502719657,
    0.897839865395161,
    1.001047745675479,
    0.6019814097670466,
    0.6013304430194784,
    0.5982647761799901
  ],
  "timestamp": "2026-01-31T16:48:51.430581"
}